dest;orig;hombres;mujeres;año
Canarias;España;18911;19499;2020
   Lanzarote;España;1625;1680;2020
   Fuerteventura;España;601;598;2020
   Gran Canaria;España;6161;6224;2020
   Tenerife;España;9687;10130;2020
   La Gomera;España;73;65;2020
   La Palma;España;731;768;2020
   El Hierro;España;33;34;2020
Canarias;Resto de UE-28;2597;2681;2020
   Lanzarote;Resto de UE-28;273;314;2020
   Fuerteventura;Resto de UE-28;159;165;2020
   Gran Canaria;Resto de UE-28;375;385;2020
   Tenerife;Resto de UE-28;1699;1726;2020
   La Gomera;Resto de UE-28;8;6;2020
   La Palma;Resto de UE-28;77;84;2020
   El Hierro;Resto de UE-28;6;1;2020
Canarias;Resto del mundo;3452;3645;2020
   Lanzarote;Resto del mundo;391;367;2020
   Fuerteventura;Resto del mundo;262;213;2020
   Gran Canaria;Resto del mundo;722;800;2020
   Tenerife;Resto del mundo;1935;2086;2020
   La Gomera;Resto del mundo;14;15;2020
   La Palma;Resto del mundo;120;148;2020
   El Hierro;Resto del mundo;8;16;2020
Canarias;España;20822;21037;2019
   Lanzarote;España;1631;1706;2019
   Fuerteventura;España;630;668;2019
   Gran Canaria;España;7460;7443;2019
   Tenerife;España;10230;10355;2019
   La Gomera;España;75;69;2019
   La Palma;España;752;753;2019
   El Hierro;España;44;43;2019
Canarias;Resto de UE-28;2977;3028;2019
   Lanzarote;Resto de UE-28;340;377;2019
   Fuerteventura;Resto de UE-28;203;205;2019
   Gran Canaria;Resto de UE-28;512;481;2019
   Tenerife;Resto de UE-28;1827;1842;2019
   La Gomera;Resto de UE-28;13;10;2019
   La Palma;Resto de UE-28;80;103;2019
   El Hierro;Resto de UE-28;2;10;2019
Canarias;Resto del mundo;3607;3686;2019
   Lanzarote;Resto del mundo;485;365;2019
   Fuerteventura;Resto del mundo;255;191;2019
   Gran Canaria;Resto del mundo;852;906;2019
   Tenerife;Resto del mundo;1890;2084;2019
   La Gomera;Resto del mundo;6;10;2019
   La Palma;Resto del mundo;114;122;2019
   El Hierro;Resto del mundo;5;8;2019
Canarias;España;21175;22159;2018
   Lanzarote;España;1629;1619;2018
   Fuerteventura;España;595;627;2018
   Gran Canaria;España;7571;7870;2018
   Tenerife;España;10458;11105;2018
   La Gomera;España;84;55;2018
   La Palma;España;784;828;2018
   El Hierro;España;54;55;2018
Canarias;Resto de UE-28;2986;2985;2018
   Lanzarote;Resto de UE-28;286;342;2018
   Fuerteventura;Resto de UE-28;210;194;2018
   Gran Canaria;Resto de UE-28;519;534;2018
   Tenerife;Resto de UE-28;1840;1792;2018
   La Gomera;Resto de UE-28;14;7;2018
   La Palma;Resto de UE-28;107;106;2018
   El Hierro;Resto de UE-28;10;10;2018
Canarias;Resto del mundo;3097;3123;2018
   Lanzarote;Resto del mundo;380;312;2018
   Fuerteventura;Resto del mundo;216;161;2018
   Gran Canaria;Resto del mundo;706;759;2018
   Tenerife;Resto del mundo;1687;1776;2018
   La Gomera;Resto del mundo;8;5;2018
   La Palma;Resto del mundo;95;101;2018
   El Hierro;Resto del mundo;5;9;2018
Canarias;España;19673;19927;2017
   Lanzarote;España;1590;1527;2017
   Fuerteventura;España;598;594;2017
   Gran Canaria;España;6929;6869;2017
   Tenerife;España;9688;10061;2017
   La Gomera;España;75;76;2017
   La Palma;España;755;766;2017
   El Hierro;España;38;34;2017
Canarias;Resto de UE-28;2845;2813;2017
   Lanzarote;Resto de UE-28;289;334;2017
   Fuerteventura;Resto de UE-28;167;193;2017
   Gran Canaria;Resto de UE-28;474;463;2017
   Tenerife;Resto de UE-28;1811;1713;2017
   La Gomera;Resto de UE-28;6;4;2017
   La Palma;Resto de UE-28;91;97;2017
   El Hierro;Resto de UE-28;7;9;2017
Canarias;Resto del mundo;2554;2547;2017
   Lanzarote;Resto del mundo;347;269;2017
   Fuerteventura;Resto del mundo;190;130;2017
   Gran Canaria;Resto del mundo;591;619;2017
   Tenerife;Resto del mundo;1352;1426;2017
   La Gomera;Resto del mundo;6;16;2017
   La Palma;Resto del mundo;63;79;2017
   El Hierro;Resto del mundo;5;8;2017
Canarias;España;19564;20169;2016
   Lanzarote;España;1501;1534;2016
   Fuerteventura;España;590;597;2016
   Gran Canaria;España;7068;7026;2016
   Tenerife;España;9517;10070;2016
   La Gomera;España;77;77;2016
   La Palma;España;763;820;2016
   El Hierro;España;48;45;2016
Canarias;Resto de UE-28;2540;2469;2016
   Lanzarote;Resto de UE-28;259;286;2016
   Fuerteventura;Resto de UE-28;183;186;2016
   Gran Canaria;Resto de UE-28;384;370;2016
   Tenerife;Resto de UE-28;1634;1528;2016
   La Gomera;Resto de UE-28;1;5;2016
   La Palma;Resto de UE-28;74;89;2016
   El Hierro;Resto de UE-28;5;5;2016
Canarias;Resto del mundo;2526;2410;2016
   Lanzarote;Resto del mundo;319;256;2016
   Fuerteventura;Resto del mundo;215;156;2016
   Gran Canaria;Resto del mundo;603;629;2016
   Tenerife;Resto del mundo;1325;1272;2016
   La Gomera;Resto del mundo;6;6;2016
   La Palma;Resto del mundo;53;91;2016
   El Hierro;Resto del mundo;5;0;2016
Canarias;España;21117;21813;2015
   Lanzarote;España;1683;1714;2015
   Fuerteventura;España;601;654;2015
   Gran Canaria;España;7625;7682;2015
   Tenerife;España;10348;10837;2015
   La Gomera;España;56;46;2015
   La Palma;España;771;858;2015
   El Hierro;España;33;22;2015
Canarias;Resto de UE-28;2384;2376;2015
   Lanzarote;Resto de UE-28;228;280;2015
   Fuerteventura;Resto de UE-28;127;158;2015
   Gran Canaria;Resto de UE-28;357;335;2015
   Tenerife;Resto de UE-28;1606;1524;2015
   La Gomera;Resto de UE-28;4;6;2015
   La Palma;Resto de UE-28;60;66;2015
   El Hierro;Resto de UE-28;2;7;2015
Canarias;Resto del mundo;2672;2410;2015
   Lanzarote;Resto del mundo;364;278;2015
   Fuerteventura;Resto del mundo;190;174;2015
   Gran Canaria;Resto del mundo;629;578;2015
   Tenerife;Resto del mundo;1422;1322;2015
   La Gomera;Resto del mundo;7;9;2015
   La Palma;Resto del mundo;58;47;2015
   El Hierro;Resto del mundo;2;2;2015
Canarias;España;20811;20990;2014
   Lanzarote;España;1637;1761;2014
   Fuerteventura;España;623;574;2014
   Gran Canaria;España;7714;7595;2014
   Tenerife;España;9905;10180;2014
   La Gomera;España;60;53;2014
   La Palma;España;820;779;2014
   El Hierro;España;52;48;2014
Canarias;Resto de UE-28;2054;2059;2014
   Lanzarote;Resto de UE-28;230;240;2014
   Fuerteventura;Resto de UE-28;155;137;2014
   Gran Canaria;Resto de UE-28;313;313;2014
   Tenerife;Resto de UE-28;1289;1299;2014
   La Gomera;Resto de UE-28;8;4;2014
   La Palma;Resto de UE-28;55;62;2014
   El Hierro;Resto de UE-28;4;4;2014
Canarias;Resto del mundo;2863;2578;2014
   Lanzarote;Resto del mundo;367;333;2014
   Fuerteventura;Resto del mundo;238;149;2014
   Gran Canaria;Resto del mundo;701;640;2014
   Tenerife;Resto del mundo;1476;1368;2014
   La Gomera;Resto del mundo;9;5;2014
   La Palma;Resto del mundo;65;77;2014
   El Hierro;Resto del mundo;7;6;2014
Canarias;España;21020;21115;2013
   Lanzarote;España;1678;1810;2013
   Fuerteventura;España;621;634;2013
   Gran Canaria;España;7792;7516;2013
   Tenerife;España;10035;10271;2013
   La Gomera;España;64;41;2013
   La Palma;España;791;815;2013
   El Hierro;España;39;28;2013
Canarias;Resto de UE-28;2029;2101;2013
   Lanzarote;Resto de UE-28;195;265;2013
   Fuerteventura;Resto de UE-28;136;124;2013
   Gran Canaria;Resto de UE-28;310;349;2013
   Tenerife;Resto de UE-28;1306;1262;2013
   La Gomera;Resto de UE-28;9;10;2013
   La Palma;Resto de UE-28;71;88;2013
   El Hierro;Resto de UE-28;2;3;2013
Canarias;Resto del mundo;3134;3002;2013
   Lanzarote;Resto del mundo;396;326;2013
   Fuerteventura;Resto del mundo;258;179;2013
   Gran Canaria;Resto del mundo;765;799;2013
   Tenerife;Resto del mundo;1645;1614;2013
   La Gomera;Resto del mundo;5;3;2013
   La Palma;Resto del mundo;57;77;2013
   El Hierro;Resto del mundo;8;4;2013
Canarias;España;20472;20616;2012
   Lanzarote;España;1584;1450;2012
   Fuerteventura;España;594;616;2012
   Gran Canaria;España;7716;7687;2012
   Tenerife;España;9568;9913;2012
   La Gomera;España;57;48;2012
   La Palma;España;897;863;2012
   El Hierro;España;56;39;2012
Canarias;Resto de UE-28;1873;1881;2012
   Lanzarote;Resto de UE-28;226;254;2012
   Fuerteventura;Resto de UE-28;123;131;2012
   Gran Canaria;Resto de UE-28;292;310;2012
   Tenerife;Resto de UE-28;1167;1099;2012
   La Gomera;Resto de UE-28;7;7;2012
   La Palma;Resto de UE-28;58;78;2012
   El Hierro;Resto de UE-28;0;2;2012
Canarias;Resto del mundo;3236;3323;2012
   Lanzarote;Resto del mundo;352;358;2012
   Fuerteventura;Resto del mundo;276;192;2012
   Gran Canaria;Resto del mundo;830;899;2012
   Tenerife;Resto del mundo;1686;1765;2012
   La Gomera;Resto del mundo;10;7;2012
   La Palma;Resto del mundo;74;90;2012
   El Hierro;Resto del mundo;8;12;2012
Canarias;España;20979;20679;2011
   Lanzarote;España;1505;1479;2011
   Fuerteventura;España;579;545;2011
   Gran Canaria;España;7834;7581;2011
   Tenerife;España;10056;10108;2011
   La Gomera;España;70;71;2011
   La Palma;España;893;850;2011
   El Hierro;España;42;45;2011
Canarias;Resto de UE-28;1565;1608;2011
   Lanzarote;Resto de UE-28;181;203;2011
   Fuerteventura;Resto de UE-28;106;110;2011
   Gran Canaria;Resto de UE-28;315;316;2011
   Tenerife;Resto de UE-28;906;896;2011
   La Gomera;Resto de UE-28;5;10;2011
   La Palma;Resto de UE-28;50;72;2011
   El Hierro;Resto de UE-28;2;1;2011
Canarias;Resto del mundo;3512;3297;2011
   Lanzarote;Resto del mundo;420;407;2011
   Fuerteventura;Resto del mundo;286;199;2011
   Gran Canaria;Resto del mundo;837;826;2011
   Tenerife;Resto del mundo;1854;1726;2011
   La Gomera;Resto del mundo;10;9;2011
   La Palma;Resto del mundo;92;113;2011
   El Hierro;Resto del mundo;13;17;2011
Canarias;España;20767;20631;2010
   Lanzarote;España;1643;1616;2010
   Fuerteventura;España;511;493;2010
   Gran Canaria;España;7770;7536;2010
   Tenerife;España;9888;10049;2010
   La Gomera;España;83;52;2010
   La Palma;España;829;826;2010
   El Hierro;España;43;59;2010
Canarias;Resto de UE-28;1583;1652;2010
   Lanzarote;Resto de UE-28;189;235;2010
   Fuerteventura;Resto de UE-28;76;77;2010
   Gran Canaria;Resto de UE-28;262;291;2010
   Tenerife;Resto de UE-28;976;954;2010
   La Gomera;Resto de UE-28;11;10;2010
   La Palma;Resto de UE-28;66;83;2010
   El Hierro;Resto de UE-28;3;2;2010
Canarias;Resto del mundo;3763;3506;2010
   Lanzarote;Resto del mundo;442;400;2010
   Fuerteventura;Resto del mundo;281;223;2010
   Gran Canaria;Resto del mundo;909;869;2010
   Tenerife;Resto del mundo;2026;1889;2010
   La Gomera;Resto del mundo;17;19;2010
   La Palma;Resto del mundo;81;102;2010
   El Hierro;Resto del mundo;7;4;2010
Canarias;España;19662;19647;2009
   Lanzarote;España;1399;1312;2009
   Fuerteventura;España;544;558;2009
   Gran Canaria;España;7335;7292;2009
   Tenerife;España;9533;9632;2009
   La Gomera;España;64;79;2009
   La Palma;España;749;736;2009
   El Hierro;España;38;38;2009
Canarias;Resto de UE-28;1629;1728;2009
   Lanzarote;Resto de UE-28;165;213;2009
   Fuerteventura;Resto de UE-28;82;79;2009
   Gran Canaria;Resto de UE-28;261;295;2009
   Tenerife;Resto de UE-28;1038;1045;2009
   La Gomera;Resto de UE-28;7;7;2009
   La Palma;Resto de UE-28;72;84;2009
   El Hierro;Resto de UE-28;4;5;2009
Canarias;Resto del mundo;3797;3598;2009
   Lanzarote;Resto del mundo;486;415;2009
   Fuerteventura;Resto del mundo;327;271;2009
   Gran Canaria;Resto del mundo;921;900;2009
   Tenerife;Resto del mundo;1950;1890;2009
   La Gomera;Resto del mundo;12;4;2009
   La Palma;Resto del mundo;91;109;2009
   El Hierro;Resto del mundo;10;9;2009
Canarias;España;19367;19456;2008
   Lanzarote;España;1376;1322;2008
   Fuerteventura;España;529;546;2008
   Gran Canaria;España;7368;7071;2008
   Tenerife;España;9307;9691;2008
   La Gomera;España;54;67;2008
   La Palma;España;698;716;2008
   El Hierro;España;35;43;2008
Canarias;Resto de UE-28;1846;1761;2008
   Lanzarote;Resto de UE-28;204;224;2008
   Fuerteventura;Resto de UE-28;113;87;2008
   Gran Canaria;Resto de UE-28;291;276;2008
   Tenerife;Resto de UE-28;1172;1105;2008
   La Gomera;Resto de UE-28;8;11;2008
   La Palma;Resto de UE-28;54;55;2008
   El Hierro;Resto de UE-28;4;3;2008
Canarias;Resto del mundo;3936;3613;2008
   Lanzarote;Resto del mundo;528;421;2008
   Fuerteventura;Resto del mundo;331;244;2008
   Gran Canaria;Resto del mundo;817;837;2008
   Tenerife;Resto del mundo;2170;2004;2008
   La Gomera;Resto del mundo;14;17;2008
   La Palma;Resto del mundo;68;83;2008
   El Hierro;Resto del mundo;8;7;2008
Canarias;España;21668;21632;2007
   Lanzarote;España;1326;1338;2007
   Fuerteventura;España;684;595;2007
   Gran Canaria;España;8009;7896;2007
   Tenerife;España;9971;10078;2007
   La Gomera;España;79;77;2007
   La Palma;España;747;824;2007
   El Hierro;España;852;824;2007
Canarias;Resto de UE-28;2247;2147;2007
   Lanzarote;Resto de UE-28;262;262;2007
   Fuerteventura;Resto de UE-28;134;120;2007
   Gran Canaria;Resto de UE-28;271;286;2007
   Tenerife;Resto de UE-28;1411;1306;2007
   La Gomera;Resto de UE-28;12;15;2007
   La Palma;Resto de UE-28;85;89;2007
   El Hierro;Resto de UE-28;72;69;2007
Canarias;Resto del mundo;4339;3855;2007
   Lanzarote;Resto del mundo;619;471;2007
   Fuerteventura;Resto del mundo;359;269;2007
   Gran Canaria;Resto del mundo;904;864;2007
   Tenerife;Resto del mundo;2323;2088;2007
   La Gomera;Resto del mundo;19;13;2007
   La Palma;Resto del mundo;61;84;2007
   El Hierro;Resto del mundo;54;66;2007
Canarias;España;20337;20217;2006
   Lanzarote;España;1403;1427;2006
   Fuerteventura;España;598;576;2006
   Gran Canaria;España;8228;7841;2006
   Tenerife;España;9316;9560;2006
   La Gomera;España;69;66;2006
   La Palma;España;690;720;2006
   El Hierro;España;33;27;2006
Canarias;Resto de UE-28;2032;1959;2006
   Lanzarote;Resto de UE-28;245;284;2006
   Fuerteventura;Resto de UE-28;182;138;2006
   Gran Canaria;Resto de UE-28;290;294;2006
   Tenerife;Resto de UE-28;1234;1149;2006
   La Gomera;Resto de UE-28;17;24;2006
   La Palma;Resto de UE-28;64;68;2006
   El Hierro;Resto de UE-28;0;2;2006
Canarias;Resto del mundo;4600;3959;2006
   Lanzarote;Resto del mundo;656;540;2006
   Fuerteventura;Resto del mundo;454;272;2006
   Gran Canaria;Resto del mundo;940;908;2006
   Tenerife;Resto del mundo;2460;2135;2006
   La Gomera;Resto del mundo;9;4;2006
   La Palma;Resto del mundo;75;93;2006
   El Hierro;Resto del mundo;6;7;2006
Canarias;España;17807;17912;2005
   Lanzarote;España;1242;1188;2005
   Fuerteventura;España;487;425;2005
   Gran Canaria;España;7354;7165;2005
   Tenerife;España;8089;8419;2005
   La Gomera;España;63;63;2005
   La Palma;España;558;614;2005
   El Hierro;España;14;38;2005
Canarias;Resto de UE-28;1756;1745;2005
   Lanzarote;Resto de UE-28;207;238;2005
   Fuerteventura;Resto de UE-28;102;80;2005
   Gran Canaria;Resto de UE-28;270;289;2005
   Tenerife;Resto de UE-28;1115;1069;2005
   La Gomera;Resto de UE-28;9;11;2005
   La Palma;Resto de UE-28;51;57;2005
   El Hierro;Resto de UE-28;2;1;2005
Canarias;Resto del mundo;4045;3399;2005
   Lanzarote;Resto del mundo;515;443;2005
   Fuerteventura;Resto del mundo;331;253;2005
   Gran Canaria;Resto del mundo;855;705;2005
   Tenerife;Resto del mundo;2255;1875;2005
   La Gomera;Resto del mundo;15;16;2005
   La Palma;Resto del mundo;67;97;2005
   El Hierro;Resto del mundo;7;10;2005
Canarias;España;17792;17679;2004
   Lanzarote;España;1209;1222;2004
   Fuerteventura;España;570;530;2004
   Gran Canaria;España;7095;6959;2004
   Tenerife;España;8208;8272;2004
   La Gomera;España;56;71;2004
   La Palma;España;635;595;2004
   El Hierro;España;19;30;2004
Canarias;Resto de UE-28;1675;1572;2004
   Lanzarote;Resto de UE-28;176;191;2004
   Fuerteventura;Resto de UE-28;120;90;2004
   Gran Canaria;Resto de UE-28;269;250;2004
   Tenerife;Resto de UE-28;1058;991;2004
   La Gomera;Resto de UE-28;14;11;2004
   La Palma;Resto de UE-28;36;38;2004
   El Hierro;Resto de UE-28;2;1;2004
Canarias;Resto del mundo;3299;2951;2004
   Lanzarote;Resto del mundo;458;411;2004
   Fuerteventura;Resto del mundo;375;266;2004
   Gran Canaria;Resto del mundo;854;815;2004
   Tenerife;Resto del mundo;1545;1379;2004
   La Gomera;Resto del mundo;11;12;2004
   La Palma;Resto del mundo;52;66;2004
   El Hierro;Resto del mundo;4;2;2004
Canarias;España;17876;17656;2003
   Lanzarote;España;1138;1184;2003
   Fuerteventura;España;676;556;2003
   Gran Canaria;España;7029;6740;2003
   Tenerife;España;8237;8390;2003
   La Gomera;España;82;82;2003
   La Palma;España;697;674;2003
   El Hierro;España;17;30;2003
Canarias;Resto de UE-28;1420;1313;2003
   Lanzarote;Resto de UE-28;112;139;2003
   Fuerteventura;Resto de UE-28;103;76;2003
   Gran Canaria;Resto de UE-28;248;213;2003
   Tenerife;Resto de UE-28;895;807;2003
   La Gomera;Resto de UE-28;13;17;2003
   La Palma;Resto de UE-28;48;61;2003
   El Hierro;Resto de UE-28;1;0;2003
Canarias;Resto del mundo;2565;2442;2003
   Lanzarote;Resto del mundo;299;320;2003
   Fuerteventura;Resto del mundo;292;212;2003
   Gran Canaria;Resto del mundo;707;692;2003
   Tenerife;Resto del mundo;1208;1143;2003
   La Gomera;Resto del mundo;8;3;2003
   La Palma;Resto del mundo;48;69;2003
   El Hierro;Resto del mundo;3;3;2003
Canarias;España;15605;15256;2002
   Lanzarote;España;1033;1043;2002
   Fuerteventura;España;338;269;2002
   Gran Canaria;España;6577;6284;2002
   Tenerife;España;6966;6994;2002
   La Gomera;España;39;40;2002
   La Palma;España;619;593;2002
   El Hierro;España;33;33;2002
Canarias;Resto de UE-28;1165;1097;2002
   Lanzarote;Resto de UE-28;133;135;2002
   Fuerteventura;Resto de UE-28;33;37;2002
   Gran Canaria;Resto de UE-28;187;186;2002
   Tenerife;Resto de UE-28;749;687;2002
   La Gomera;Resto de UE-28;6;5;2002
   La Palma;Resto de UE-28;56;47;2002
   El Hierro;Resto de UE-28;1;0;2002
Canarias;Resto del mundo;2106;1988;2002
   Lanzarote;Resto del mundo;367;329;2002
   Fuerteventura;Resto del mundo;85;60;2002
   Gran Canaria;Resto del mundo;645;610;2002
   Tenerife;Resto del mundo;962;910;2002
   La Gomera;Resto del mundo;2;3;2002
   La Palma;Resto del mundo;43;70;2002
   El Hierro;Resto del mundo;2;6;2002
Canarias;España;11594;11338;2001
   Lanzarote;España;963;908;2001
   Fuerteventura;España;326;257;2001
   Gran Canaria;España;5091;4859;2001
   Tenerife;España;4689;4719;2001
   La Gomera;España;36;44;2001
   La Palma;España;461;523;2001
   El Hierro;España;28;28;2001
Canarias;Resto de UE-28;552;517;2001
   Lanzarote;Resto de UE-28;83;81;2001
   Fuerteventura;Resto de UE-28;20;21;2001
   Gran Canaria;Resto de UE-28;106;101;2001
   Tenerife;Resto de UE-28;309;281;2001
   La Gomera;Resto de UE-28;1;3;2001
   La Palma;Resto de UE-28;31;30;2001
   El Hierro;Resto de UE-28;2;0;2001
Canarias;Resto del mundo;833;738;2001
   Lanzarote;Resto del mundo;152;119;2001
   Fuerteventura;Resto del mundo;53;33;2001
   Gran Canaria;Resto del mundo;282;258;2001
   Tenerife;Resto del mundo;312;272;2001
   La Gomera;Resto del mundo;2;2;2001
   La Palma;Resto del mundo;30;50;2001
   El Hierro;Resto del mundo;2;4;2001
Canarias;España;13474;13063;2000
   Lanzarote;España;1027;953;2000
   Fuerteventura;España;568;475;2000
   Gran Canaria;España;5649;5543;2000
   Tenerife;España;5682;5541;2000
   La Gomera;España;62;44;2000
   La Palma;España;473;473;2000
   El Hierro;España;13;34;2000
Canarias;Resto de UE-28;630;672;2000
   Lanzarote;Resto de UE-28;75;105;2000
   Fuerteventura;Resto de UE-28;35;39;2000
   Gran Canaria;Resto de UE-28;154;153;2000
   Tenerife;Resto de UE-28;333;327;2000
   La Gomera;Resto de UE-28;3;5;2000
   La Palma;Resto de UE-28;29;41;2000
   El Hierro;Resto de UE-28;1;2;2000
Canarias;Resto del mundo;803;697;2000
   Lanzarote;Resto del mundo;120;119;2000
   Fuerteventura;Resto del mundo;86;35;2000
   Gran Canaria;Resto del mundo;259;230;2000
   Tenerife;Resto del mundo;305;269;2000
   La Gomera;Resto del mundo;4;7;2000
   La Palma;Resto del mundo;25;35;2000
   El Hierro;Resto del mundo;4;2;2000
Canarias;España;13840;13488;1999
   Lanzarote;España;1048;973;1999
   Fuerteventura;España;539;429;1999
   Gran Canaria;España;5769;5490;1999
   Tenerife;España;5922;6000;1999
   La Gomera;España;83;94;1999
   La Palma;España;458;478;1999
   El Hierro;España;21;24;1999
Canarias;Resto de UE-28;612;664;1999
   Lanzarote;Resto de UE-28;73;78;1999
   Fuerteventura;Resto de UE-28;18;24;1999
   Gran Canaria;Resto de UE-28;141;144;1999
   Tenerife;Resto de UE-28;325;366;1999
   La Gomera;Resto de UE-28;4;2;1999
   La Palma;Resto de UE-28;50;48;1999
   El Hierro;Resto de UE-28;1;2;1999
Canarias;Resto del mundo;445;435;1999
   Lanzarote;Resto del mundo;59;59;1999
   Fuerteventura;Resto del mundo;19;15;1999
   Gran Canaria;Resto del mundo;180;152;1999
   Tenerife;Resto del mundo;164;177;1999
   La Gomera;Resto del mundo;0;0;1999
   La Palma;Resto del mundo;23;30;1999
   El Hierro;Resto del mundo;0;2;1999
Canarias;España;12399;11925;1998
   Lanzarote;España;936;862;1998
   Fuerteventura;España;453;346;1998
   Gran Canaria;España;5554;5167;1998
   Tenerife;España;5011;5061;1998
   La Gomera;España;50;45;1998
   La Palma;España;385;428;1998
   El Hierro;España;10;16;1998
Canarias;Resto de UE-28;489;508;1998
   Lanzarote;Resto de UE-28;64;72;1998
   Fuerteventura;Resto de UE-28;14;13;1998
   Gran Canaria;Resto de UE-28;138;134;1998
   Tenerife;Resto de UE-28;232;256;1998
   La Gomera;Resto de UE-28;0;2;1998
   La Palma;Resto de UE-28;41;31;1998
   El Hierro;Resto de UE-28;0;0;1998
Canarias;Resto del mundo;389;424;1998
   Lanzarote;Resto del mundo;41;40;1998
   Fuerteventura;Resto del mundo;17;13;1998
   Gran Canaria;Resto del mundo;188;196;1998
   Tenerife;Resto del mundo;131;145;1998
   La Gomera;Resto del mundo;0;1;1998
   La Palma;Resto del mundo;12;29;1998
   El Hierro;Resto del mundo;0;0;1998
Canarias;España;11327;11231;1997
   Lanzarote;España;998;954;1997
   Fuerteventura;España;380;334;1997
   Gran Canaria;España;4857;4669;1997
   Tenerife;España;4677;4857;1997
   La Gomera;España;40;58;1997
   La Palma;España;363;338;1997
   El Hierro;España;12;21;1997
Canarias;Resto de UE-28;368;375;1997
   Lanzarote;Resto de UE-28;40;46;1997
   Fuerteventura;Resto de UE-28;10;13;1997
   Gran Canaria;Resto de UE-28;84;96;1997
   Tenerife;Resto de UE-28;196;175;1997
   La Gomera;Resto de UE-28;2;5;1997
   La Palma;Resto de UE-28;36;40;1997
   El Hierro;Resto de UE-28;0;0;1997
Canarias;Resto del mundo;362;310;1997
   Lanzarote;Resto del mundo;41;38;1997
   Fuerteventura;Resto del mundo;16;9;1997
   Gran Canaria;Resto del mundo;160;113;1997
   Tenerife;Resto del mundo;135;128;1997
   La Gomera;Resto del mundo;0;1;1997
   La Palma;Resto del mundo;10;18;1997
   El Hierro;Resto del mundo;0;3;1997
Canarias;España;9070;8936;1996
   Lanzarote;España;760;771;1996
   Fuerteventura;España;268;237;1996
   Gran Canaria;España;4313;4179;1996
   Tenerife;España;3388;3404;1996
   La Gomera;España;34;29;1996
   La Palma;España;293;301;1996
   El Hierro;España;14;15;1996
Canarias;Resto de UE-28;211;234;1996
   Lanzarote;Resto de UE-28;36;51;1996
   Fuerteventura;Resto de UE-28;4;2;1996
   Gran Canaria;Resto de UE-28;48;57;1996
   Tenerife;Resto de UE-28;100;97;1996
   La Gomera;Resto de UE-28;0;0;1996
   La Palma;Resto de UE-28;23;26;1996
   El Hierro;Resto de UE-28;0;1;1996
Canarias;Resto del mundo;196;181;1996
   Lanzarote;Resto del mundo;28;14;1996
   Fuerteventura;Resto del mundo;5;4;1996
   Gran Canaria;Resto del mundo;92;99;1996
   Tenerife;Resto del mundo;66;50;1996
   La Gomera;Resto del mundo;0;0;1996
   La Palma;Resto del mundo;5;14;1996
   El Hierro;Resto del mundo;0;0;1996
Canarias;España;10754;10799;1995
   Lanzarote;España;720;702;1995
   Fuerteventura;España;193;187;1995
   Gran Canaria;España;4784;4700;1995
   Tenerife;España;4640;4786;1995
   La Gomera;España;28;31;1995
   La Palma;España;373;368;1995
   El Hierro;España;16;25;1995
Canarias;Resto de UE-28;194;217;1995
   Lanzarote;Resto de UE-28;22;34;1995
   Fuerteventura;Resto de UE-28;2;4;1995
   Gran Canaria;Resto de UE-28;39;47;1995
   Tenerife;Resto de UE-28;114;120;1995
   La Gomera;Resto de UE-28;0;0;1995
   La Palma;Resto de UE-28;17;12;1995
   El Hierro;Resto de UE-28;0;0;1995
Canarias;Resto del mundo;158;196;1995
   Lanzarote;Resto del mundo;15;25;1995
   Fuerteventura;Resto del mundo;8;4;1995
   Gran Canaria;Resto del mundo;61;64;1995
   Tenerife;Resto del mundo;66;89;1995
   La Gomera;Resto del mundo;0;1;1995
   La Palma;Resto del mundo;8;13;1995
   El Hierro;Resto del mundo;0;0;1995
Canarias;España;9706;9659;1994
   Lanzarote;España;568;518;1994
   Fuerteventura;España;186;173;1994
   Gran Canaria;España;4423;4359;1994
   Tenerife;España;4158;4238;1994
   La Gomera;España;34;36;1994
   La Palma;España;317;314;1994
   El Hierro;España;20;21;1994
Canarias;Resto de UE-28;183;179;1994
   Lanzarote;Resto de UE-28;7;16;1994
   Fuerteventura;Resto de UE-28;7;1;1994
   Gran Canaria;Resto de UE-28;47;46;1994
   Tenerife;Resto de UE-28;102;95;1994
   La Gomera;Resto de UE-28;1;2;1994
   La Palma;Resto de UE-28;18;15;1994
   El Hierro;Resto de UE-28;1;4;1994
Canarias;Resto del mundo;216;185;1994
   Lanzarote;Resto del mundo;13;19;1994
   Fuerteventura;Resto del mundo;14;2;1994
   Gran Canaria;Resto del mundo;82;71;1994
   Tenerife;Resto del mundo;98;86;1994
   La Gomera;Resto del mundo;0;0;1994
   La Palma;Resto del mundo;9;7;1994
   El Hierro;Resto del mundo;0;0;1994
Canarias;España;9263;8760;1993
   Lanzarote;España;608;593;1993
   Fuerteventura;España;144;149;1993
   Gran Canaria;España;4033;3807;1993
   Tenerife;España;4136;3888;1993
   La Gomera;España;24;27;1993
   La Palma;España;308;288;1993
   El Hierro;España;10;8;1993
Canarias;Resto de UE-28;143;169;1993
   Lanzarote;Resto de UE-28;11;16;1993
   Fuerteventura;Resto de UE-28;3;1;1993
   Gran Canaria;Resto de UE-28;40;53;1993
   Tenerife;Resto de UE-28;82;90;1993
   La Gomera;Resto de UE-28;0;0;1993
   La Palma;Resto de UE-28;7;9;1993
   El Hierro;Resto de UE-28;0;0;1993
Canarias;Resto del mundo;171;181;1993
   Lanzarote;Resto del mundo;13;16;1993
   Fuerteventura;Resto del mundo;10;7;1993
   Gran Canaria;Resto del mundo;62;65;1993
   Tenerife;Resto del mundo;83;88;1993
   La Gomera;Resto del mundo;0;0;1993
   La Palma;Resto del mundo;3;5;1993
   El Hierro;Resto del mundo;0;0;1993
Canarias;España;8206;7781;1992
   Lanzarote;España;611;564;1992
   Fuerteventura;España;118;103;1992
   Gran Canaria;España;3487;3317;1992
   Tenerife;España;3649;3460;1992
   La Gomera;España;24;17;1992
   La Palma;España;298;300;1992
   El Hierro;España;19;20;1992
Canarias;Resto de UE-28;103;130;1992
   Lanzarote;Resto de UE-28;6;9;1992
   Fuerteventura;Resto de UE-28;3;3;1992
   Gran Canaria;Resto de UE-28;35;40;1992
   Tenerife;Resto de UE-28;48;68;1992
   La Gomera;Resto de UE-28;0;0;1992
   La Palma;Resto de UE-28;10;8;1992
   El Hierro;Resto de UE-28;1;2;1992
Canarias;Resto del mundo;141;156;1992
   Lanzarote;Resto del mundo;18;17;1992
   Fuerteventura;Resto del mundo;2;1;1992
   Gran Canaria;Resto del mundo;56;53;1992
   Tenerife;Resto del mundo;56;71;1992
   La Gomera;Resto del mundo;1;2;1992
   La Palma;Resto del mundo;8;12;1992
   El Hierro;Resto del mundo;0;0;1992
Canarias;España;7459;6985;1991
   Lanzarote;España;705;632;1991
   Fuerteventura;España;118;92;1991
   Gran Canaria;España;3539;3303;1991
   Tenerife;España;2873;2732;1991
   La Gomera;España;7;6;1991
   La Palma;España;215;215;1991
   El Hierro;España;2;5;1991
Canarias;Resto de UE-28;81;121;1991
   Lanzarote;Resto de UE-28;8;13;1991
   Fuerteventura;Resto de UE-28;0;1;1991
   Gran Canaria;Resto de UE-28;25;33;1991
   Tenerife;Resto de UE-28;45;65;1991
   La Gomera;Resto de UE-28;0;0;1991
   La Palma;Resto de UE-28;3;9;1991
   El Hierro;Resto de UE-28;0;0;1991
Canarias;Resto del mundo;87;122;1991
   Lanzarote;Resto del mundo;8;14;1991
   Fuerteventura;Resto del mundo;1;5;1991
   Gran Canaria;Resto del mundo;39;46;1991
   Tenerife;Resto del mundo;31;45;1991
   La Gomera;Resto del mundo;0;0;1991
   La Palma;Resto del mundo;8;12;1991
   El Hierro;Resto del mundo;0;0;1991
Canarias;España;8610;8202;1990
   Lanzarote;España;744;719;1990
   Fuerteventura;España;209;184;1990
   Gran Canaria;España;3743;3493;1990
   Tenerife;España;3597;3504;1990
   La Gomera;España;26;18;1990
   La Palma;España;277;265;1990
   El Hierro;España;14;19;1990
Canarias;Resto de UE-28;109;123;1990
   Lanzarote;Resto de UE-28;8;10;1990
   Fuerteventura;Resto de UE-28;6;9;1990
   Gran Canaria;Resto de UE-28;19;24;1990
   Tenerife;Resto de UE-28;65;70;1990
   La Gomera;Resto de UE-28;0;0;1990
   La Palma;Resto de UE-28;10;9;1990
   El Hierro;Resto de UE-28;1;1;1990
Canarias;Resto del mundo;88;86;1990
   Lanzarote;Resto del mundo;13;10;1990
   Fuerteventura;Resto del mundo;2;0;1990
   Gran Canaria;Resto del mundo;45;41;1990
   Tenerife;Resto del mundo;24;31;1990
   La Gomera;Resto del mundo;0;0;1990
   La Palma;Resto del mundo;4;4;1990
   El Hierro;Resto del mundo;0;0;1990
Canarias;España;7917;7587;1989
   Lanzarote;España;730;658;1989
   Fuerteventura;España;192;169;1989
   Gran Canaria;España;3308;3088;1989
   Tenerife;España;3391;3353;1989
   La Gomera;España;19;13;1989
   La Palma;España;269;296;1989
   El Hierro;España;8;10;1989
Canarias;Resto de UE-28;109;126;1989
   Lanzarote;Resto de UE-28;7;15;1989
   Fuerteventura;Resto de UE-28;2;2;1989
   Gran Canaria;Resto de UE-28;16;20;1989
   Tenerife;Resto de UE-28;61;76;1989
   La Gomera;Resto de UE-28;0;0;1989
   La Palma;Resto de UE-28;23;13;1989
   El Hierro;Resto de UE-28;0;0;1989
Canarias;Resto del mundo;79;86;1989
   Lanzarote;Resto del mundo;2;5;1989
   Fuerteventura;Resto del mundo;0;0;1989
   Gran Canaria;Resto del mundo;39;42;1989
   Tenerife;Resto del mundo;34;36;1989
   La Gomera;Resto del mundo;0;0;1989
   La Palma;Resto del mundo;4;3;1989
   El Hierro;Resto del mundo;0;0;1989
Canarias;España;5628;5554;1988
   Lanzarote;España;462;394;1988
   Fuerteventura;España;131;93;1988
   Gran Canaria;España;2571;2549;1988
   Tenerife;España;2235;2277;1988
   La Gomera;España;12;13;1988
   La Palma;España;210;222;1988
   El Hierro;España;7;6;1988
Canarias;Resto de UE-28;73;92;1988
   Lanzarote;Resto de UE-28;1;3;1988
   Fuerteventura;Resto de UE-28;5;7;1988
   Gran Canaria;Resto de UE-28;23;19;1988
   Tenerife;Resto de UE-28;37;59;1988
   La Gomera;Resto de UE-28;0;0;1988
   La Palma;Resto de UE-28;7;4;1988
   El Hierro;Resto de UE-28;0;0;1988
Canarias;Resto del mundo;51;56;1988
   Lanzarote;Resto del mundo;2;3;1988
   Fuerteventura;Resto del mundo;0;0;1988
   Gran Canaria;Resto del mundo;19;20;1988
   Tenerife;Resto del mundo;25;30;1988
   La Gomera;Resto del mundo;0;0;1988
   La Palma;Resto del mundo;5;3;1988
   El Hierro;Resto del mundo;0;0;1988
